Classifier,First,Second,Third,Fourth,Fifth
NGSF,0.518518519,0.638888889,0.675925926,0.703703704,0.712962963
DASH,0.787037037,0.907407407,0.925925926,0.935185185,0.935185185
SNID,0.444444444,0.537037037,0.592592593,0.62962963,0.675925926
